"04 Jun 2023, 20:17",Kira,If It Makes You Feel Better,If It Makes You Feel Better, Electronic, Synthwave
"04 Jun 2023, 20:14",John Mayer,The Search for Everything,Love on the Weekend, Pop, Blues
"04 Jun 2023, 20:10",John Mayer,Sob Rock,I Guess I Just Feel Like, Pop, Blues
"04 Jun 2023, 18:23",Foo Fighters,The Colour and the Shape,Monkey Wrench, Rock, Alternative
"04 Jun 2023, 16:22",Kira,If It Makes You Feel Better,If It Makes You Feel Better, Electronic, Synthwave
"04 Jun 2023, 16:19",John Mayer,The Search for Everything,Love on the Weekend, Pop, Blues
"04 Jun 2023, 16:13",John Mayer,Sob Rock,I Guess I Just Feel Like, Pop, Blues
"04 Jun 2023, 14:37",Foo Fighters,In Your Honor,Razor, Rock, Alternative
"04 Jun 2023, 14:34",Foo Fighters,In Your Honor,Cold Day in the Sun, Rock, Alternative
"04 Jun 2023, 14:30",Foo Fighters,In Your Honor,Virginia Moon, Rock, Alternative
"04 Jun 2023, 14:25",Foo Fighters,In Your Honor,On The Mend, Rock, Alternative
"04 Jun 2023, 14:19",Foo Fighters,In Your Honor,Over and Out, Rock, Alternative
"04 Jun 2023, 14:07",Foo Fighters,The Colour and the Shape,Walking After You, Rock, Alternative
"04 Jun 2023, 14:03",Foo Fighters,The Colour and the Shape,Everlong, Rock, Alternative
"04 Jun 2023, 13:58",Foo Fighters,The Colour and the Shape,February Stars, Rock, Alternative
"04 Jun 2023, 13:54",Foo Fighters,The Colour and the Shape,My Hero, Rock, Alternative
"04 Jun 2023, 13:50",Foo Fighters,The Colour and the Shape,Monkey Wrench, Rock, Alternative
"04 Jun 2023, 13:45",Elton John,Cold Heart (PNAU Remix),Cold Heart - PNAU Remix, Pop, Rock
"04 Jun 2023, 11:04",Phil Collins,Face Value (Deluxe Editon),In The Air Tonight - 2015 Remastered, Pop, Rock
"04 Jun 2023, 10:59",Ole Børud,Stepping Up,Driving, Pop, Funk
"04 Jun 2023, 10:54",Zero 7,Simple Things,Destiny, Electronic, Downtempo
"04 Jun 2023, 10:50",C418,Minecraft - Volume Beta,Mutation, Electronic, Ambient
"04 Jun 2023, 10:46",Air,The Virgin Suicides (Original Motion Picture Score),Playground Love, Electronic, Downtempo
"04 Jun 2023, 10:42",Air,Moon Safari,All I Need (feat. Beth Hirsch), Electronic, Downtempo
"04 Jun 2023, 10:38",Kira,If It Makes You Feel Better,If It Makes You Feel Better, Electronic, Synthwave
"04 Jun 2023, 10:34",John Mayer,The Search for Everything,Love on the Weekend, Pop, Blues
"03 Jun 2023, 20:47",John Mayer,Sob Rock,I Guess I Just Feel Like, Pop, Blues
"03 Jun 2023, 18:57",Michael Jackson,Thriller 40,Wanna Be Startin' Somethin', Pop, R&B
"03 Jun 2023, 18:51",Michael Jackson,Bad (Remastered),Man In The Mirror - 2012 Remaster, Pop, R&B
"03 Jun 2023, 18:46",Michael Jackson,"HIStory - Past, Present and Future - Book I",They Don't Care About Us, Pop, R&B
"03 Jun 2023, 18:40",Michael Jackson,Off the Wall,Don't Stop 'Til You Get Enough, Pop, R&B
"03 Jun 2023, 18:34",Michael Jackson,Thriller 25 Super Deluxe Edition,Billie Jean, Pop, R&B
"03 Jun 2023, 17:15",Johann Sebastian Bach,"Lute Suite No. 2, BWV 997","Lute Suite No. 2, BWV 997: IV. Gigue", Classical, Baroque
"03 Jun 2023, 16:01",C418,Minecraft - Volume Beta,Haunt Muskie, Electronic, Ambient
"03 Jun 2023, 15:56",C418,Minecraft - Volume Beta,Wait, Electronic, Ambient
"03 Jun 2023, 15:44",Allan Holdsworth,Eidolon,Devil Take the Hindmost - Remastered, Jazz Fusion, Progressive
"03 Jun 2023, 14:27",C418,Excursions,Excursions, Electronic, Ambient
"03 Jun 2023, 14:23",C418,Minecraft - Volume Beta,Wait, Electronic, Ambient
"03 Jun 2023, 14:20",C418,Minecraft - Volume Beta,Stal, Electronic, Ambient
"03 Jun 2023, 14:14",C418,Minecraft - Volume Beta,Haunt Muskie, Electronic, Ambient
"03 Jun 2023, 14:12",C418,life changing moments seem minor in pictures,Droopy Likes Ricochet, Electronic, Ambient
"03 Jun 2023, 14:08",C418,Minecraft - Volume Beta,Floating Trees, Electronic, Ambient
"03 Jun 2023, 14:03",C418,Minecraft - Volume Beta,Blind Spots, Electronic, Ambient
"03 Jun 2023, 14:00",C418,Minecraft - Volume Beta,Beginning 2, Electronic, Ambient
"03 Jun 2023, 13:56",C418,Minecraft - Volume Beta,Mutation, Electronic, Ambient
"03 Jun 2023, 13:53",C418,Minecraft - Volume Beta,Moog City 2, Electronic, Ambient
"03 Jun 2023, 13:48",C418,Minecraft - Volume Beta,Aria Math, Electronic, Ambient
"03 Jun 2023, 13:00",C418,Minecraft - Volume Beta,Aria Math, Electronic, Ambient
"03 Jun 2023, 12:42",Foo Fighters,Wasting Light,These Days, Rock, Alternative
"03 Jun 2023, 12:39",Foo Fighters,Foo Fighters,Big Me, Rock, Alternative
"03 Jun 2023, 12:35",Foo Fighters,One By One (Expanded Edition),Times Like These, Rock, Alternative
"03 Jun 2023, 12:31",Foo Fighters,The Colour and the Shape,Monkey Wrench, Rock, Alternative
"03 Jun 2023, 12:26",Foo Fighters,Wasting Light,Walk, Rock, Alternative
"03 Jun 2023, 12:22",Foo Fighters,Rescued,Rescued, Rock, Alternative
"03 Jun 2023, 12:17",Foo Fighters,One By One (Expanded Edition),All My Life, Rock, Alternative
"03 Jun 2023, 12:13",Foo Fighters,The Colour and the Shape,My Hero, Rock, Alternative
"03 Jun 2023, 12:08",Foo Fighters,In Your Honor,Best of You, Rock, Alternative
"03 Jun 2023, 12:03",Foo Fighters,"Echoes, Silence, Patience & Grace",The Pretender, Rock, Alternative
"03 Jun 2023, 11:59",Foo Fighters,There Is Nothing Left to Lose,Learn to Fly, Rock, Alternative
"03 Jun 2023, 11:55",Foo Fighters,The Colour and the Shape,Everlong, Rock, Alternative
"03 Jun 2023, 11:49",Foo Fighters,Show Me How,Show Me How, Rock, Alternative
"03 Jun 2023, 11:46",Foo Fighters,Under You,Under You, Rock, Alternative
"03 Jun 2023, 11:42",Foo Fighters,The Colour and the Shape,Monkey Wrench, Rock, Alternative
"03 Jun 2023, 11:39",Bee Gees,Staying Alive (Original Motion Picture Soundtrack),Stayin' Alive, Pop, Disco
"02 Jun 2023, 20:30",Kurt Rosenwinkel,Berlin Baritone,Feelin the Blues, Jazz, Fusion
"02 Jun 2023, 20:25",Kurt Rosenwinkel,Berlin Baritone,First Impression, Jazz, Fusion
"02 Jun 2023, 20:18",Kurt Rosenwinkel,Berlin Baritone,Just Chillin, Jazz, Fusion
"02 Jun 2023, 20:17",Kurt Rosenwinkel,Berlin Baritone,Peace Please, Jazz, Fusion
"02 Jun 2023, 20:10",Kurt Rosenwinkel,Caipi,Casio Vanguard, Jazz, Fusion
"02 Jun 2023, 20:04",Kurt Rosenwinkel,The Chopin Project,"Raindrop' Prélude in D-flat major (Op. 28, No. 15)", Jazz, Fusion
"02 Jun 2023, 19:55",Kurt Rosenwinkel,Our Secret World,Zhivago, Jazz, Fusion
"02 Jun 2023, 19:49",Kurt Rosenwinkel,The Next Step,Minor Blues, Jazz, Fusion
"02 Jun 2023, 19:41",Kurt Rosenwinkel,Solé,Solé - Live, Jazz, Fusion
"02 Jun 2023, 19:37",Kurt Rosenwinkel,Caipi,Caipi, Jazz, Fusion
"02 Jun 2023, 19:33",Kurt Rosenwinkel,Berlin Baritone,Mellow D, Jazz, Fusion
"02 Jun 2023, 19:26",Daniel Hersog Jazz Orchestra,How Many Roads,How Many Roads, Jazz, Big Band
"02 Jun 2023, 19:22",DOMi & JD Beck,NOT TiGHT,WHOA (feat. Kurt Rosenwinkel), Jazz, Experimental
"02 Jun 2023, 19:20",Kurt Rosenwinkel,Berlin Baritone,Peace Please, Jazz, Fusion
"02 Jun 2023, 19:12",Kurt Rosenwinkel,The Past Intact (Live at the Village Vanguard),The Past Intact - Live at the Village Vanguard, Jazz, Fusion
"02 Jun 2023, 19:05",Kurt Rosenwinkel,The Past Intact (Live at the Village Vanguard),The Past Intact - Live at the Village Vanguard, Jazz, Fusion
"02 Jun 2023, 18:58",Kurt Rosenwinkel,The Past Intact (Live at the Village Vanguard),The Past Intact - Live at the Village Vanguard, Jazz, Fusion
"02 Jun 2023, 18:51",Kurt Rosenwinkel,The Past Intact (Live at the Village Vanguard),The Past Intact - Live at the Village Vanguard, Jazz, Fusion
"02 Jun 2023, 18:44",Kurt Rosenwinkel,The Past Intact (Live at the Village Vanguard),The Past Intact - Live at the Village Vanguard, Jazz, Fusion
"02 Jun 2023, 18:36",Kurt Rosenwinkel,The Past Intact (Live at the Village Vanguard),The Past Intact - Live at the Village Vanguard, Jazz, Fusion
"02 Jun 2023, 18:29",Kurt Rosenwinkel,The Past Intact (Live at the Village Vanguard),The Past Intact - Live at the Village Vanguard, Jazz, Fusion
"02 Jun 2023, 17:58",Kurt Rosenwinkel,The Past Intact (Live at the Village Vanguard),The Past Intact - Live at the Village Vanguard, Jazz, Fusion
"02 Jun 2023, 16:59",Allan Holdsworth,Eidolon,Devil Take the Hindmost - Remastered, Jazz Fusion, Progressive
"02 Jun 2023, 16:56",Elton John,Cold Heart (PNAU Remix),Cold Heart - PNAU Remix, Pop, Rock
"01 Jun 2023, 18:41",Katatonia,The Great Cold Distance,Deliberation, Metal, Progressive Metal
"01 Jun 2023, 18:36",Katatonia,Sky Void of Stars,Opaline, Metal, Progressive Metal
"01 Jun 2023, 18:31",Katatonia,The Great Cold Distance,Leaders, Metal, Progressive Metal
"01 Jun 2023, 18:28",Katatonia,Sky Void of Stars,Austerity, Metal, Progressive Metal
"01 Jun 2023, 18:23",Katatonia,The Fall of Hearts,Old Heart Falls, Metal, Progressive Metal
"01 Jun 2023, 18:19",Katatonia,Sky Void of Stars,Atrium, Metal, Progressive Metal
"01 Jun 2023, 18:15",Katatonia,Sky Void of Stars,Birds, Metal, Progressive Metal
"01 Jun 2023, 18:10",Katatonia,The Great Cold Distance,My Twin, Metal, Progressive Metal
"01 Jun 2023, 18:05",Katatonia,Brave Murder Day,Brave, Metal, Progressive Metal
"01 Jun 2023, 17:48",Katatonia,The Fall of Hearts,Decima, Metal, Progressive Metal
"01 Jun 2023, 17:44",Katatonia,The Great Cold Distance,Deliberation, Metal, Progressive Metal
"01 Jun 2023, 17:38",Katatonia,Sky Void of Stars,Opaline, Metal, Progressive Metal
"01 Jun 2023, 17:34",Katatonia,The Great Cold Distance,Leaders, Metal, Progressive Metal
"01 Jun 2023, 17:30",Katatonia,Sky Void of Stars,Austerity, Metal, Progressive Metal
"01 Jun 2023, 17:25",Katatonia,The Fall of Hearts,Old Heart Falls, Metal, Progressive Metal
"01 Jun 2023, 17:21",Katatonia,Sky Void of Stars,Atrium, Metal, Progressive Metal
"01 Jun 2023, 17:17",Katatonia,Sky Void of Stars,Birds, Metal, Progressive Metal
"01 Jun 2023, 17:13",Katatonia,The Great Cold Distance,My Twin, Metal, Progressive Metal
"01 Jun 2023, 15:50",C418,Minecraft - Volume Beta,Wait, Electronic, Ambient
"01 Jun 2023, 11:49",C418,Minecraft - Volume Beta,Floating Trees, Electronic, Ambient
"01 Jun 2023, 11:43",C418,Minecraft - Volume Beta,Blind Spots, Electronic, Ambient
"01 Jun 2023, 11:40",C418,Minecraft - Volume Beta,Beginning 2, Electronic, Ambient
"01 Jun 2023, 11:36",C418,Minecraft - Volume Beta,Mutation, Electronic, Ambient
"01 Jun 2023, 11:33",C418,Minecraft - Volume Beta,Moog City 2, Electronic, Ambient
"01 Jun 2023, 11:28",C418,Minecraft - Volume Beta,Aria Math, Electronic, Ambient
"01 Jun 2023, 9:13",C418,Minecraft - Volume Beta,Haunt Muskie, Electronic, Ambient
"01 Jun 2023, 7:30",C418,life changing moments seem minor in pictures,Droopy Likes Ricochet, Electronic, Ambient
"01 Jun 2023, 7:26",C418,Minecraft - Volume Beta,Floating Trees, Electronic, Ambient
"01 Jun 2023, 7:20",C418,Minecraft - Volume Beta,Blind Spots, Electronic, Ambient
"01 Jun 2023, 7:17",C418,Minecraft - Volume Beta,Beginning 2, Electronic, Ambient
"01 Jun 2023, 7:14",C418,Minecraft - Volume Beta,Mutation, Electronic, Ambient
"01 Jun 2023, 7:11",C418,Minecraft - Volume Beta,Moog City 2, Electronic, Ambient
"01 Jun 2023, 7:06",C418,Minecraft - Volume Beta,Aria Math, Electronic, Ambient
"01 Jun 2023, 7:04",Elton John,Cold Heart (PNAU Remix),Cold Heart - PNAU Remix, Pop, Rock
"31 May 2023, 19:08",Plini,Other Things,Selenium Forest, Progressive Metal, Instrumental
"31 May 2023, 19:07",Plini,birds / surfers,birds, Progressive Metal, Instrumental
"31 May 2023, 19:03",Plini,Impulse Voices,Impulse Voices, Progressive Metal, Instrumental
"31 May 2023, 19:00",Plini,Other Things,Other Things, Progressive Metal, Instrumental
"31 May 2023, 18:55",Plini,Handmade Cities,Electric Sunrise, Progressive Metal, Instrumental
"31 May 2023, 18:51",Plini,Handmade Cities,Every Piece Matters, Progressive Metal, Instrumental
"31 May 2023, 18:48",Plini,Impulse Voices,I'll Tell You Someday, Progressive Metal, Instrumental
"31 May 2023, 18:43",Plini,Handmade Cities,Electric Sunrise, Progressive Metal, Instrumental
"31 May 2023, 18:33",Plini,Impulse Voices,The Glass Bead Game, Progressive Metal, Instrumental
"31 May 2023, 18:24",Plini,Impulse Voices (Remixes),The Glass Bead Game - Jakub Zytecki Remix, Progressive Metal, Instrumental
"31 May 2023, 18:20",Plini,Impulse Voices (Remixes),I'll Tell You Someday - Dayce Remix, Progressive Metal, Instrumental
"31 May 2023, 18:16",Plini,Handmade Cities,Cascade, Progressive Metal, Instrumental
"31 May 2023, 18:16",Plini,Impulse Voices,Impulse Voices, Progressive Metal, Instrumental
"31 May 2023, 18:10",Plini,Impulse Voices,Pan, Progressive Metal, Instrumental
"31 May 2023, 14:11",Plini,Handmade Cities,Every Piece Matters, Progressive Metal, Instrumental
"31 May 2023, 13:34",Plini,Impulse Voices,I'll Tell You Someday, Progressive Metal, Instrumental
"31 May 2023, 13:28",Plini,Handmade Cities,Electric Sunrise, Progressive Metal, Instrumental
"31 May 2023, 13:13",Plini,Impulse Voices,The Glass Bead Game, Progressive Metal, Instrumental
"31 May 2023, 13:01",Plini,Impulse Voices (Remixes),The Glass Bead Game - Jakub Zytecki Remix, Progressive Metal, Instrumental
"31 May 2023, 12:57",Plini,Impulse Voices (Remixes),I'll Tell You Someday - Dayce Remix, Progressive Metal, Instrumental
"31 May 2023, 12:53",Plini,Impulse Voices,Impulse Voices, Progressive Metal, Instrumental
"31 May 2023, 12:47",Plini,Handmade Cities,Cascade, Progressive Metal, Instrumental
"31 May 2023, 12:42",Plini,Impulse Voices,Pan, Progressive Metal, Instrumental
"31 May 2023, 12:34",Plini,Handmade Cities,Handmade Cities, Progressive Metal, Instrumental
"31 May 2023, 12:31",Plini,Handmade Cities,Every Piece Matters, Progressive Metal, Instrumental
"31 May 2023, 12:26",Plini,Impulse Voices,I'll Tell You Someday, Progressive Metal, Instrumental
"31 May 2023, 12:21",Plini,Handmade Cities,Electric Sunrise, Progressive Metal, Instrumental
"31 May 2023, 10:15",Plini,Impulse Voices,The Glass Bead Game, Progressive Metal, Instrumental
"31 May 2023, 9:39",Plini,Impulse Voices (Remixes),The Glass Bead Game - Jakub Zytecki Remix, Progressive Metal, Instrumental
"31 May 2023, 9:36",Plini,Impulse Voices (Remixes),I'll Tell You Someday - Dayce Remix, Progressive Metal, Instrumental
"31 May 2023, 9:23",Plini,Impulse Voices,Impulse Voices, Progressive Metal, Instrumental
"31 May 2023, 9:16",Plini,Handmade Cities,Cascade, Progressive Metal, Instrumental
"31 May 2023, 9:02",Plini,Impulse Voices,Pan, Progressive Metal, Instrumental
"31 May 2023, 8:13",Plini,Handmade Cities,Handmade Cities, Progressive Metal, Instrumental
"31 May 2023, 8:02",Plini,Handmade Cities,Every Piece Matters, Progressive Metal, Instrumental
"31 May 2023, 7:58",Plini,Impulse Voices,I'll Tell You Someday, Progressive Metal, Instrumental
"31 May 2023, 7:53",Plini,Handmade Cities,Electric Sunrise, Progressive Metal, Instrumental
"31 May 2023, 7:44",Plini,Impulse Voices,The Glass Bead Game, Progressive Metal, Instrumental
"31 May 2023, 7:37",Plini,Impulse Voices (Remixes),The Glass Bead Game - Jakub Zytecki Remix, Progressive Metal, Instrumental
"30 May 2023, 18:19",Plini,Impulse Voices (Remixes),I'll Tell You Someday - Dayce Remix, Progressive Metal, Instrumental
"30 May 2023, 18:16",Plini,Impulse Voices,Impulse Voices, Progressive Metal, Instrumental
"30 May 2023, 18:09",Plini,Handmade Cities,Cascade, Progressive Metal, Instrumental
"30 May 2023, 15:56",Plini,Blue Angel,blue angel, Progressive Metal, Instrumental
"30 May 2023, 15:52",Elton John,Cold Heart (PNAU Remix),Cold Heart - PNAU Remix, Pop, Rock
"30 May 2023, 10:26",C418,Minecraft - Volume Beta,Floating Trees, Electronic, Ambient
"30 May 2023, 10:03",C418,Minecraft - Volume Beta,Blind Spots, Electronic, Ambient
"30 May 2023, 10:00",C418,Minecraft - Volume Beta,Beginning 2, Electronic, Ambient
"30 May 2023, 9:56",C418,Minecraft - Volume Beta,Mutation, Electronic, Ambient
"30 May 2023, 9:48",C418,Minecraft - Volume Beta,Moog City 2, Electronic, Ambient
"30 May 2023, 9:18",C418,Minecraft - Volume Beta,Aria Math, Electronic, Ambient
"30 May 2023, 9:12",C418,Minecraft - Volume Beta,Haunt Muskie, Electronic, Ambient
"30 May 2023, 9:08",C418,Minecraft - Volume Beta,Wait, Electronic, Ambient
"30 May 2023, 9:02",Allan Holdsworth,Eidolon,Devil Take the Hindmost - Remastered, Jazz Fusion, Progressive
"30 May 2023, 8:59",Elton John,Cold Heart (PNAU Remix),Cold Heart - PNAU Remix, Pop, Rock
"30 May 2023, 8:54",Elton John,Cold Heart (PNAU Remix),Cold Heart - PNAU Remix, Pop, Rock
"30 May 2023, 7:07",Allan Holdsworth,Eidolon,Devil Take the Hindmost - Remastered, Jazz Fusion, Progressive
"30 May 2023, 7:04",Elton John,Cold Heart (PNAU Remix),Cold Heart - PNAU Remix, Pop, Rock
"29 May 2023, 18:55",Rima Khcheich,Falak,Foutina al-Lathi, Arabic, World
"29 May 2023, 18:49",Rima Khcheich,Yalalalli,Bisat el Reeh, Arabic, World
"29 May 2023, 18:46",Dua Lipa,Future Nostalgia,Levitating, Pop,
"29 May 2023, 18:41",Fairuz,Khalleek Be El Bait,Khalleek Be El Bait, Arabic, World
"29 May 2023, 18:36",U2,U218 Singles,With or Without You, Rock, Alternative
"29 May 2023, 18:31",Anathema,Hindsight,Angelica, Rock, Progressive
"29 May 2023, 18:25",Phil Collins,Face Value (Deluxe Editon),In The Air Tonight - 2015 Remastered, Pop, Rock
"29 May 2023, 18:20",Ole Børud,Stepping Up,Driving, Pop, Funk
"29 May 2023, 18:11",Zero 7,Simple Things,Destiny, Electronic, Downtempo
"29 May 2023, 18:06",Elton John,Cold Heart (PNAU Remix),Cold Heart - PNAU Remix, Pop, Rock
"29 May 2023, 18:03",Elton John,Cold Heart (PNAU Remix),Cold Heart - PNAU Remix, Pop, Rock
"29 May 2023, 14:56",Plini,Handmade Cities,Every Piece Matters, Progressive Metal, Instrumental
"29 May 2023, 14:52",Plini,Impulse Voices,I'll Tell You Someday, Progressive Metal, Instrumental
"29 May 2023, 14:36",Plini,Handmade Cities,Electric Sunrise, Progressive Metal, Instrumental
"29 May 2023, 6:19",Linkin Park,Minutes to Midnight,Bleed It Out, Rock, Alternative